{"res/atlas/comp.atlas":["comp/",["btn_close.png","button.png","check_circle.png","checkbox.png","clip_num.png","clip_tree_arrow.png","clip_tree_folder.png","combobox.png","fontClip.png","fontClip_num.png","hscroll$bar.png","hscroll$down.png","hscroll$up.png","hscroll.png","hslider$bar.png","hslider.png","html.png","image.png","img_bg.png","img_bg2.png","img_bg3.png","img_bg4.png","img_bg5.png","img_blank.png","label.png","progress$bar.png","progress.png","radio.png","radiogroup.png","tab.png","textarea.png","textinput.png","vscroll$bar.png","vscroll$down.png","vscroll$up.png","vscroll.png","vslider$bar.png","vslider.png"]],"res/atlas/Sprites/car3.atlas":["Sprites/car3/",["Car3Ani_01.png","Car3Ani_02.png","Car3Ani_03.png","Car3Ani_04.png"]],"res/atlas/Sprites/car6.atlas":["Sprites/car6/",["Car6Ani_01.png","Car6Ani_02.png","Car6Ani_03.png","Car6Ani_04.png"]],"res/atlas/Sprites/UI.atlas":["Sprites/UI/",["ButtonBack.png","ButtonHome2.png","ButtonPause.png","ButtonPlay.png","ButtonQuit2.png","ButtonRestart.png","ButtonSoundOff.png","ButtonSoundOff1.png","ButtonSoundOn.png","ButtonSoundOn1.png","GameLogo.png"]],"res/atlas/Sprites.atlas":["Sprites/",["Car1.png","Car2.png","Car3.png","Car4.png","Car6.png","Car8.png","Car9.png","bonusGold_1.png","bonusGold_2.png","bonusGold_3.png","bonusGold_4.png"]]}