{"type":"Scene","props":{"width":1080,"height":1920},"compId":2,"child":[{"type":"Sprite","props":{"zOrder":0,"y":0,"x":0,"width":1080,"texture":"Sprites/Road.png","name":"road1","height":1929},"compId":3,"child":[{"type":"Script","props":{"runtime":"scripts/AutoMove.ts"},"compId":111}]},{"type":"Sprite","props":{"zOrder":0,"y":-1929,"x":0,"width":1080,"texture":"Sprites/Road.png","name":"road2","height":1929},"compId":14,"child":[{"type":"Script","props":{"runtime":"scripts/AutoMove.ts"},"compId":112}]},{"type":"Sprite","props":{"zOrder":10,"y":0,"x":0,"name":"StartPanel"},"compId":9,"child":[{"type":"Image","props":{"y":0,"x":0,"width":1080,"skin":"Sprites/UI/bg.png","name":"bg","height":1929},"compId":4},{"type":"Image","props":{"y":798,"x":217,"width":647,"skin":"Sprites/UI/GameLogo.png","name":"logo","height":324},"compId":5},{"type":"Button","props":{"y":1660,"x":670,"visible":false,"stateNum":1,"skin":"Sprites/UI/ButtonSoundOn.png","name":"btn_AudioOn"},"compId":7},{"type":"Button","props":{"y":1660,"x":670,"visible":true,"stateNum":1,"skin":"Sprites/UI/ButtonSoundOff.png","name":"btn_AudioOff"},"compId":8},{"type":"Sprite","props":{"y":1265,"x":405,"width":280,"name":"btn_Play","height":280},"compId":13,"child":[{"type":"Animation","props":{"y":135,"x":135,"width":0,"source":"Animation/BtnPlay.ani","scaleY":1.5,"scaleX":1.5,"name":"btn_Play","height":0,"autoPlay":true},"compId":6}]},{"type":"Script","props":{"btn_Play":"@node:13","btn_AudioOn":"@node:7","btn_AudioOff":"@node:8","runtime":"scripts/StartPanel.ts"},"compId":113}]},{"type":"Sprite","props":{"y":1360,"x":200,"texture":"Sprites/Car1.png","name":"Player"},"compId":18,"child":[{"type":"Script","props":{"type":"kinematic","allowSleep":false,"runtime":"Laya.RigidBody"},"compId":21},{"type":"Script","props":{"y":0,"x":4,"width":112,"isSensor":false,"height":234,"runtime":"Laya.BoxCollider"},"compId":82},{"type":"Script","props":{"runtime":"scripts/Player.ts"},"compId":119}]},{"type":"Sprite","props":{"name":"BottomCollider"},"compId":75,"child":[{"type":"Script","props":{"y":1950,"x":0,"width":1080,"label":"BottomCollider","isSensor":true,"height":16,"runtime":"Laya.BoxCollider"},"compId":76},{"type":"Script","props":{"type":"kinematic","allowSleep":false,"runtime":"Laya.RigidBody"},"compId":77}]},{"type":"Sprite","props":{"zOrder":10,"visible":false,"name":"GamePanel"},"compId":90,"child":[{"type":"Sprite","props":{"y":34,"x":34,"texture":"Sprites/UI/ButtonPause.png","name":"btn_Pause"},"compId":85},{"type":"Text","props":{"y":14,"x":643,"width":419,"valign":"middle","text":"Best:100","stroke":10,"name":"txt_Best","height":100,"fontSize":100,"color":"#2674fd","align":"right","runtime":"Laya.Text"},"compId":86},{"type":"Text","props":{"y":114,"x":644,"width":419,"valign":"middle","text":"Last:50","stroke":10,"name":"txt_Last","height":100,"fontSize":90,"color":"#ff3834","align":"right","runtime":"Laya.Text"},"compId":88},{"type":"Text","props":{"y":250,"x":169,"width":744,"valign":"middle","text":"0","stroke":10,"name":"txt_Score","height":192,"fontSize":200,"color":"#32ff16","align":"center","runtime":"Laya.Text"},"compId":89},{"type":"Script","props":{"runtime":"scripts/GamePanel.ts"},"compId":115}]},{"type":"Sprite","props":{"zOrder":10,"visible":false,"name":"PausePanel"},"compId":100,"child":[{"type":"Image","props":{"y":0,"x":0,"width":1080,"skin":"Sprites/UI/bg.png","name":"bg","height":1929},"compId":94},{"type":"Button","props":{"y":32,"x":32,"stateNum":1,"skin":"Sprites/UI/ButtonQuit2.png","name":"btn_Close"},"compId":98},{"type":"Button","props":{"y":1162,"x":240,"stateNum":1,"skin":"Sprites/UI/ButtonHome2.png","name":"btn_Home"},"compId":96},{"type":"Button","props":{"y":1162,"x":470,"stateNum":1,"skin":"Sprites/UI/ButtonRestart.png","name":"btn_Restart"},"compId":95},{"type":"Button","props":{"y":1162,"x":700,"stateNum":1,"skin":"Sprites/UI/ButtonSoundOn1.png","name":"btn_AudioOn"},"compId":97},{"type":"Button","props":{"y":1162,"x":700,"visible":false,"stateNum":1,"skin":"Sprites/UI/ButtonSoundOff1.png","name":"btn_AudioOff"},"compId":102},{"type":"Text","props":{"y":949,"x":168,"width":744,"valign":"middle","text":"PAUSE","stroke":10,"name":"txt_Pause","height":192,"fontSize":180,"color":"#ff164d","align":"center","runtime":"Laya.Text"},"compId":99},{"type":"Script","props":{"runtime":"scripts/PausePanel.ts"},"compId":116}]},{"type":"Sprite","props":{"zOrder":10,"y":0,"x":0,"visible":false,"name":"GameOverPanel"},"compId":109,"child":[{"type":"Image","props":{"width":1080,"skin":"Sprites/UI/bg.png","name":"bg","height":1929},"compId":103},{"type":"Button","props":{"y":1262,"x":303,"stateNum":1,"skin":"Sprites/UI/ButtonHome2.png","name":"btn_Home"},"compId":104},{"type":"Button","props":{"y":1262,"x":671,"stateNum":1,"skin":"Sprites/UI/ButtonRestart.png","name":"btn_Restart"},"compId":105},{"type":"Text","props":{"y":598,"x":61,"width":991,"valign":"middle","text":"GameOver","stroke":10,"name":"txt_Over","height":192,"fontSize":180,"color":"#ffbd16","align":"center","runtime":"Laya.Text"},"compId":106},{"type":"Text","props":{"y":790,"x":63,"width":991,"valign":"middle","text":"Score:0","stroke":10,"name":"txt_Score","height":192,"fontSize":120,"color":"#609f02","align":"center","runtime":"Laya.Text"},"compId":107},{"type":"Text","props":{"y":982,"x":63,"width":991,"valign":"middle","text":"HighScore:0","stroke":10,"name":"txt_HighScore","height":192,"fontSize":150,"color":"#019f98","align":"center","runtime":"Laya.Text"},"compId":108},{"type":"Script","props":{"runtime":"scripts/GameOverPanel.ts"},"compId":117}]},{"type":"Script","props":{"runtime":"scripts/GameManager.ts"},"compId":114}],"loadList":["Sprites/Road.png","Sprites/UI/bg.png","Sprites/UI/GameLogo.png","Sprites/UI/ButtonSoundOn.png","Sprites/UI/ButtonSoundOff.png","Animation/BtnPlay.ani","Sprites/Car1.png","Sprites/UI/ButtonPause.png","Sprites/UI/ButtonQuit2.png","Sprites/UI/ButtonHome2.png","Sprites/UI/ButtonRestart.png","Sprites/UI/ButtonSoundOn1.png","Sprites/UI/ButtonSoundOff1.png"],"loadList3D":[]}