{"type":"Sprite","props":{"y":0,"x":0,"texture":"Sprites/Car4.png","presetID":1,"name":"Car_3","isPresetRoot":true},"compId":30,"child":[{"type":"Script","props":{"y":10,"x":10,"width":93,"presetID":3,"label":"Car","height":222,"runtime":"Laya.BoxCollider"},"compId":32},{"type":"Script","props":{"type":"kinematic","presetID":4,"allowSleep":false,"runtime":"Laya.RigidBody"},"compId":33},{"type":"Script","props":{"presetID":5,"runtime":"scripts/Car.ts"},"compId":34}],"loadList":["Sprites/Car4.png"],"loadList3D":[]}