{"type":"Animation","props":{"y":0,"x":0,"width":1,"source":"Animation/Car_4.ani","presetID":1,"pivotY":-109,"pivotX":-54,"name":"Car_4","isPresetRoot":true,"height":1,"autoPlay":true},"compId":54,"child":[{"type":"Script","props":{"presetID":3,"points":"11,-111,49,-77,49,75,26,108,-21,109,-44,79,-53,-64,-35,-96","label":"Car","runtime":"Laya.PolygonCollider"},"compId":36},{"type":"Script","props":{"type":"kinematic","presetID":4,"allowSleep":false,"runtime":"Laya.RigidBody"},"compId":37},{"type":"Script","props":{"presetID":5,"runtime":"scripts/Car.ts"},"compId":55}],"loadList":["Animation/Car_4.ani"],"loadList3D":[]}