{"type":"Sprite","props":{"y":0,"x":0,"texture":"Sprites/Car9.png","presetID":1,"name":"Car_6","isPresetRoot":true},"compId":42,"child":[{"type":"Script","props":{"y":14,"x":9,"width":100,"presetID":3,"label":"Car","height":211,"runtime":"Laya.BoxCollider"},"compId":44},{"type":"Script","props":{"type":"kinematic","presetID":4,"allowSleep":false,"runtime":"Laya.RigidBody"},"compId":45},{"type":"Script","props":{"presetID":5,"runtime":"scripts/Car.ts"},"compId":46}],"loadList":["Sprites/Car9.png"],"loadList3D":[]}