{"type":"Animation","props":{"y":0,"x":0,"width":1,"source":"Animation/Car_2.ani","presetID":1,"pivotY":-101,"pivotX":-41,"name":"Car_2","isPresetRoot":true,"height":1,"autoPlay":true},"compId":53,"child":[{"type":"Script","props":{"y":-103,"x":-42,"width":87,"presetID":3,"label":"Car","isSensor":true,"height":205,"runtime":"Laya.BoxCollider"},"compId":28},{"type":"Script","props":{"type":"kinematic","presetID":4,"allowSleep":false,"runtime":"Laya.RigidBody"},"compId":29},{"type":"Script","props":{"presetID":5,"runtime":"scripts/Car.ts"},"compId":54}],"loadList":["Animation/Car_2.ani"],"loadList3D":[]}