{"type":"Sprite","props":{"y":0,"x":0,"texture":"Sprites/Car2.png","presetID":1,"name":"Car_1","isPresetRoot":true},"compId":52,"child":[{"type":"Script","props":{"y":10,"x":18,"width":99,"presetID":3,"label":"Car","isSensor":true,"height":227,"runtime":"Laya.BoxCollider"},"compId":24},{"type":"Script","props":{"type":"kinematic","presetID":4,"allowSleep":false,"runtime":"Laya.RigidBody"},"compId":25},{"type":"Script","props":{"presetID":5,"runtime":"scripts/Car.ts"},"compId":53}],"loadList":["Sprites/Car2.png"],"loadList3D":[]}