{"type":"Sprite","props":{"y":0,"x":0,"texture":"Sprites/Car8.png","presetID":1,"name":"Car_5","isPresetRoot":true},"compId":38,"child":[{"type":"Script","props":{"y":9,"x":9,"width":100,"presetID":3,"label":"Car","height":221,"runtime":"Laya.BoxCollider"},"compId":40},{"type":"Script","props":{"type":"kinematic","presetID":4,"allowSleep":false,"runtime":"Laya.RigidBody"},"compId":41},{"type":"Script","props":{"presetID":5,"runtime":"scripts/Car.ts"},"compId":42}],"loadList":["Sprites/Car8.png"],"loadList3D":[]}