{"type":"Animation","props":{"y":0,"x":0,"source":"Animation/Coin.ani","presetID":1,"name":"Coin","isPresetRoot":true,"autoPlay":true},"compId":58,"child":[{"type":"Script","props":{"y":-45,"x":-45,"radius":45,"presetID":3,"label":"Coin","isSensor":true,"runtime":"Laya.CircleCollider"},"compId":60},{"type":"Script","props":{"type":"kinematic","presetID":4,"allowSleep":false,"runtime":"Laya.RigidBody"},"compId":61},{"type":"Script","props":{"presetID":5,"runtime":"scripts/Car.ts"},"compId":62}],"loadList":["Animation/Coin.ani"],"loadList3D":[]}